Instrument,NAICS Sector Name,Legal Entity ID (LEI),NAICS Sector Code
5062225410,Manufacturing,83680080YMV0L4TNA921,31-33
5062227372,Manufacturing,300300Z1265733000071,31-33
5062228295,Manufacturing,65560024W2WTV8B4TG26,31-33
5062228571,Manufacturing,83680045ZL3HUH78P378,31-33
5062231201,Wholesale Trade,655600H09WLKLWKO0R32,42
5062234497,Wholesale Trade,655600T9G6SXFZCL3L28,42
5060885115,Administrative and Support and Waste Management and Remediation Services,529900LY1J74VWC41Z02,56
5060885598,Administrative and Support and Waste Management and Remediation Services,529900J9IPK3Z4Y67X26,56
5060885677,"Professional, Scientific, and Technical Services",391200DDFUGPCUHIMN90,54
5060885724,"Professional, Scientific, and Technical Services",3912008TP3LS1Q6TIO68,54
5060885798,Administrative and Support and Waste Management and Remediation Services,984500979F2I0BAT8432,56
5060885808,"Professional, Scientific, and Technical Services",391200THAWKX4SK7WO58,54
5060886063,"Professional, Scientific, and Technical Services",984500CEBE5A8877K108,54
5060886176,"Professional, Scientific, and Technical Services",391200PV6LKQLXOWYT72,54
5060886462,Administrative and Support and Waste Management and Remediation Services,984500F5BF7951AC0B23,56
5060886746,Educational Services,391200A07U4MNUAIQD57,61
5060886935,Administrative and Support and Waste Management and Remediation Services,391200WQD8QWYGEYKY20,56
5060886976,Administrative and Support and Waste Management and Remediation Services,3912002SPMMIEJZ2EI68,56
5060887014,"Professional, Scientific, and Technical Services",9845001FCH8B63A09219,54
5060887566,Retail Trade,9845004A8E6C783F6813,44-45
5060887941,Administrative and Support and Waste Management and Remediation Services,894500LIMS08SG1JTA41,56
5060888086,"Professional, Scientific, and Technical Services",529900XCVJGAANQ07Z26,54
5060888148,"Professional, Scientific, and Technical Services",391200GOSDQWKXWU3T19,54
5060888225,Administrative and Support and Waste Management and Remediation Services,5299004V0UHM191HVU61,56
5060888449,"Professional, Scientific, and Technical Services",391200Y931HWZJYIX011,54
5060888972,"Professional, Scientific, and Technical Services",984500Q8AN8F90568440,54
5060888987,Administrative and Support and Waste Management and Remediation Services,391200XYURSA8HKFTU23,56
5060889616,Finance and Insurance,391200TTDEHKB2BF1Z04,52
5062389128,Construction,549300Q3DMLBDIIEKJ69,23
5062455107,Wholesale Trade,549300CLHKXVYR9DC939,42
5063313957,"Mining, Quarrying, and Oil and Gas Extraction",5493001IHGLU1X18S133,21
5063735128,Manufacturing,254900IA1W1AO9A5ND42,31-33
5063737684,Retail Trade,2549007LD7P32LE32R44,44-45
5063770819,Wholesale Trade,5493007R088XMVHY0B60,42
5064611730,Manufacturing,5493001WIMSXKSJN7N79,31-33
5064705883,Manufacturing,549300OAMUEPKVEO9U08,31-33
5065875254,Manufacturing,8945009DYQQYD87W5Q90,31-33
5066620732,Wholesale Trade,894500QKBV55W4Z5HR72,42
5067159856,Manufacturing,959800CT50G9ZYHR6M79,31-33
5067168389,Manufacturing,549300VJXX4CL6IUWX64,31-33
5067179420,Manufacturing,529900BE9WK22I0YSW74,31-33
5067496226,Manufacturing,549300TTZ2SWA1327P17,31-33
5068308116,Wholesale Trade,549300LEYZVMRO25IK77,42
5068340548,Manufacturing,549300Z4VK4GSH1X0129,31-33
5068476941,"Agriculture, Forestry, Fishing and Hunting",8945000A0ECOGIX21B54,11
5071532292,Wholesale Trade,254900UJTOEU1QIMM466,42
5071536410,Manufacturing,5493006TJSDD5JUHH815,31-33
5073093345,Manufacturing,984500CBE8988BD5EA05,31-33
5073622555,"Agriculture, Forestry, Fishing and Hunting",254900755BZ9YBHMWA65,11
5073651918,Manufacturing,549300DKOBEI39F0DR93,31-33
5073666674,"Agriculture, Forestry, Fishing and Hunting",5299004NGRINMOBKXZ77,11
5073671945,Manufacturing,2549002KJTBVWL4WI546,31-33
5073674941,Wholesale Trade,549300VWHPY3UTLUTF97,42
5074624637,Manufacturing,894500G8S7YMOE6E1A06,31-33
5074857483,Manufacturing,25490017RT4TY3RYIG24,31-33
5076370506,Finance and Insurance,8945004GFMMRBOR2Q659,52
5079684218,Manufacturing,5493007TLWA2J2DEQ089,31-33
5079906356,Manufacturing,549300ZC52MF0RLMDM75,31-33
5079909479,Manufacturing,9845000F394CDE88CF94,31-33
5081406812,"Mining, Quarrying, and Oil and Gas Extraction",549300NQFGK43NEL4Y16,21
5081414847,Wholesale Trade,636700VP0YSU9D8S3M53,42
5082097051,Transportation and Warehousing,9845001C0C7563943657,48-49
5082246360,Wholesale Trade,6367002YIFXTNWTL2C17,42
5082554583,Manufacturing,636700JLGIL201PDJU36,31-33
5083528798,Administrative and Support and Waste Management and Remediation Services,984500E1O8CBAA4C7167,56
5083588660,Wholesale Trade,636700KD0KI24WEIYM14,42
5001121664,Finance and Insurance,254900J7HJSTWB7JFW86,52
5001123554,Utilities,254900WMSCP2BQZZ9P06,22
4296173564,Finance and Insurance,984500CC2EE8539A0908,52
4296206189,Real Estate and Rental and Leasing,222100FN465IP5OOQF42,53
4296206193,Manufacturing,529900LL1LTGOYEBVQ60,31-33
4296206211,Manufacturing,529900538DENM4GFBL05,31-33
4296279877,Administrative and Support and Waste Management and Remediation Services,222100S3ZAQ3FLRDV217,56
4296291714,Administrative and Support and Waste Management and Remediation Services,2221005ZJG92I8JJ7753,56
4296296089,Finance and Insurance,213800Z65ZU88AD5H331,52
4296408940,Transportation and Warehousing,5493002ZQSNP2O3MG667,48-49
4296801406,"Professional, Scientific, and Technical Services",549300IUZXBG22RG2V23,54
4296823808,Transportation and Warehousing,222100KAU87CY4L4FC69,48-49
4296995162,Manufacturing,222100HLVMDHL1234R67,31-33
4297016875,"Professional, Scientific, and Technical Services",529900ZJH2LGTDBVGF59,54
4297058300,Finance and Insurance,54930045CRYTH0OUOH72,52
4297547368,Administrative and Support and Waste Management and Remediation Services,2221006E6ZAV1KKJ2246,56
4297548485,"Professional, Scientific, and Technical Services",222100D7D98APMA9KM73,54
4297833018,Transportation and Warehousing,5493000OTMGK2KJFRD58,48-49
4298017878,Transportation and Warehousing,222100OJP1LI79D65209,48-49
4298281666,"Professional, Scientific, and Technical Services",222100HLJG524J4P1R45,54
4298281673,Transportation and Warehousing,549300E14KIIC6LXQJ20,48-49
4298281692,Construction,2221004TJ8CPLSBWFL53,23
4298281697,Construction,984500ECB8CO7DD4DA32,23
4298281815,Construction,222100ZUPOBIFDYUJG78,23
4298281831,Construction,549300HSOHY4UBPX1L61,23
4298281832,Transportation and Warehousing,894500DEOZL2I9GM7L91,48-49
4298281895,Construction,222100UN6Z5YJ17PO818,23
4298281924,Transportation and Warehousing,549300HZUX5893ZZJV16,48-49
4298448770,Management of Companies and Enterprises,5493003OUZFLPZKIK764,55
4298449608,Management of Companies and Enterprises,549300OBO72JSRCGE833,55
4298449837,Finance and Insurance,549300NJ0KXUBDXZXP57,52
4298449865,Management of Companies and Enterprises,549300X7LC5BNH1DBD74,55
4298450061,Construction,222100TI821LQ364YQ04,23
4298450077,Management of Companies and Enterprises,213800298FBNYNDO2K08,55
5000006810,Finance and Insurance,213800CCCQXBP3VFU302,52
5000007167,Manufacturing,213800PS7X9DQAAJ3367,31-33
5000009360,Management of Companies and Enterprises,5493001EZQHLT8K3UL32,55
5000011542,Transportation and Warehousing,54930077C5ECH6DA3P35,48-49
5000027027,"Professional, Scientific, and Technical Services",529900V71DTZ2KHHAT75,54
5000044861,Transportation and Warehousing,5493007W8CBMOPUMCE82,48-49
5000054375,Real Estate and Rental and Leasing,213800HMFPJY5SHZXV65,53
5000070839,Information,5493009JROZ7J6P07171,51
5000149401,Finance and Insurance,529900ED4HQN430UYW15,52
5000208251,Finance and Insurance,2138008KEYFXVRTKNW98,52
5000306031,"Professional, Scientific, and Technical Services",222100MXS4ZGQO6H4W07,54
5000437297,Real Estate and Rental and Leasing,549300JXMPH93BEEM808,53
5000444516,Wholesale Trade,549300ORDTQNJJTBXI14,42
5000656358,Real Estate and Rental and Leasing,2221004MLFVUUOCY1U80,53
5000685496,"Professional, Scientific, and Technical Services",222100KF1J3UNV2K2Q97,54
5000745152,Manufacturing,549300WHOI50OND33I63,31-33
5000778532,Finance and Insurance,529900NDNEIKJXEP9917,52
5000807165,Finance and Insurance,2221009U2HYXDX1DZD20,52
5001148126,"Professional, Scientific, and Technical Services",222100EIMV4P7HYF9O28,54
5001201540,Transportation and Warehousing,549300270SOJ55QGFZ81,48-49
5001348508,"Professional, Scientific, and Technical Services",549300HODTJUIOVE3C26,54
5010215002,Administrative and Support and Waste Management and Remediation Services,984500048EFAP5614D48,56
5015725755,Finance and Insurance,5493007GVB1I2FDSS786,52
5030534796,Construction,894500DZ6IT68FWLTF45,23
5034817544,Construction,222100HPX8VCUSSIKH13,23
5035086136,Finance and Insurance,549300FBBNBXMC1LW607,52
5035086734,"Professional, Scientific, and Technical Services",222100SA4GZZNYQ8VY21,54
5035397553,"Professional, Scientific, and Technical Services",894500VO5Q9ACSH65V16,54
5035415798,Finance and Insurance,6354003I2W2IDTGB7D74,52
5035421021,"Professional, Scientific, and Technical Services",549300VTBIA6DSRA2N87,54
5035457942,Finance and Insurance,222100T6ICDIY8V4VX70,52
5035463852,Information,222100LDG5RSWCCPU755,51
5035742335,Construction,222100ZLO6QOT3EYFV70,23
5035749576,"Professional, Scientific, and Technical Services",52990045Q7IO9Q9Y3M29,54
5035750390,Construction,222100VYY2XW6XF9PO73,23
5035947788,Construction,222100WFHD2LRW2CAB68,23
5035961230,"Professional, Scientific, and Technical Services",9845001D3ECC2B6A0159,54
5035970252,"Professional, Scientific, and Technical Services",222100PGKEKSR99JHV90,54
5036164848,Finance and Insurance,5493006YE0W8CR5I5L70,52
5036204593,Administrative and Support and Waste Management and Remediation Services,526700A226529CF0D718,56
5036215191,Transportation and Warehousing,894500D7AX87V5MESX07,48-49
5036753402,Transportation and Warehousing,222100O53LXBDOEEJ996,48-49
5036793801,"Professional, Scientific, and Technical Services",529900U6E9VT58MRLI39,54
5037076794,"Professional, Scientific, and Technical Services",213800IYYHAS95EZXP28,54
5037129775,Administrative and Support and Waste Management and Remediation Services,2221009Y41IHYXQQ1H56,56
5037132652,Manufacturing,549300V3TQ3O71EPWL41,31-33
5037336269,Manufacturing,529900OB3UWWJPA6IL40,31-33
5037355208,Finance and Insurance,222100K667CVXF9D1O26,52
5037438939,Management of Companies and Enterprises,549300BBG8Z3D6QSYP53,55
5037589273,"Professional, Scientific, and Technical Services",549300H5V720GG396N42,54
5037589824,Administrative and Support and Waste Management and Remediation Services,549300G4U0DURN8JBC90,56
5037639151,Transportation and Warehousing,635400BEFSXVBDPTSV16,48-49
5037659593,Administrative and Support and Waste Management and Remediation Services,549300KJCSGD1Q0EXW58,56
5037840344,Construction,222100Z8VBCS7VA27173,23
5037845625,Administrative and Support and Waste Management and Remediation Services,54930038HWNV6ZAAFY05,56
5037947806,"Professional, Scientific, and Technical Services",5299004JQWNK2P3RNG32,54
5037951539,Administrative and Support and Waste Management and Remediation Services,529900J9KE3EKLUUU168,56
5037958107,Finance and Insurance,549300EPED91EAR66X32,52
5038036483,"Professional, Scientific, and Technical Services",5299004LIAQLRRWWR855,54
5038060678,Finance and Insurance,549300ZV1RSA9F0LU821,52
5038065400,Finance and Insurance,894500EYFVJZF6GYNL51,52
5038071756,Transportation and Warehousing,5493007X9AY1X7EKD741,48-49
5038072449,"Professional, Scientific, and Technical Services",2221006D9DL4SAJXVZ88,54
5038072574,Transportation and Warehousing,549300TOYJC838RHIC27,48-49
5038073344,Transportation and Warehousing,222100QH3WQPJGF4C371,48-49
5039610460,Finance and Insurance,9845000DEA399C5D8323,52
5039612813,Transportation and Warehousing,549300VPUKR108QWUN78,48-49
5039612880,Wholesale Trade,984500C3ME1CZ4DC0Q28,42
5039612916,"Professional, Scientific, and Technical Services",9845006FDC38DFC08F90,54
5039612930,Construction,222100BUDROWXDL3IP89,23
5039612933,Manufacturing,529900NNHER75B68SJ79,31-33
5039613023,Manufacturing,529900XDEQOFYDS42Y14,31-33
5039613031,"Professional, Scientific, and Technical Services",549300H38F8K7HSR6I84,54
5039683014,Finance and Insurance,213800U5CTNIVHJGIA56,52
5040038666,Transportation and Warehousing,549300BT04JBG1N66119,48-49
5040045970,Manufacturing,529900VMVS7U0QNML169,31-33
5040054588,Transportation and Warehousing,549300XPREN0P6I5RW27,48-49
5040057659,Finance and Insurance,549300Z5C41I49DBSJ84,52
5040186654,Manufacturing,549300H49BYT0G8Y4391,31-33
5040188570,Construction,213800PREFQCQKHTLR83,23
5040188583,Construction,5493008S3YTQJP20YS91,23
5040190166,"Professional, Scientific, and Technical Services",2221008PUQ8O2W5RGJ50,54
5040195352,Construction,529900OW41KLROAZLO53,23
5040251921,Administrative and Support and Waste Management and Remediation Services,98450043BBCA01F97902,56
5040269953,Administrative and Support and Waste Management and Remediation Services,222100E7VD0S5GB8BI08,56
5040272630,"Professional, Scientific, and Technical Services",222100U65D94CBHJYS59,54
5040274676,Administrative and Support and Waste Management and Remediation Services,5493003SBZDFZUJBQ254,56
5040698597,"Professional, Scientific, and Technical Services",222100UMQEIB8FLD5922,54
5040698769,Administrative and Support and Waste Management and Remediation Services,222100IVSOG87C1WWJ84,56
5040935707,Manufacturing,549300HOLKW6B4TI8X51,31-33
5040935786,Manufacturing,549300T33N68MIRZR890,31-33
5040936963,Wholesale Trade,6367003FVJJTXF8YQ252,42
5040937241,Manufacturing,549300QP64X50Q2Q3D13,31-33
5040937677,Wholesale Trade,549300IEGDZK2OM8WZ86,42
5040937708,Manufacturing,549300T8KLEC56QSVH28,31-33
5040937711,Manufacturing,549300TJ05GRX60KEM40,31-33
5040938066,Manufacturing,549300ZX49LHAJTFTM46,31-33
5040938156,Wholesale Trade,549300SWKWB8O7O4IZ27,42
5040938241,Manufacturing,254900565H01I60V1425,31-33
5040938605,Manufacturing,5493007L244Y4XD6J773,31-33
5040938881,Wholesale Trade,984500599A6CE3C88767,42
5040939135,"Mining, Quarrying, and Oil and Gas Extraction",636700WYNE3KOT8JHJ28,21
5040939494,Manufacturing,549300FLP2DYG4PB8X05,31-33
5040939639,Wholesale Trade,549300IBRD1WCB5D2U95,42
5040939643,Manufacturing,254900WX3J48J4ZCWU87,31-33
5040939684,Wholesale Trade,254900RY84MXZY00U496,42
5040940002,"Mining, Quarrying, and Oil and Gas Extraction",549300ORMNXLT89QWJ49,21
5040940004,"Agriculture, Forestry, Fishing and Hunting",9845008CBXDF94648A31,11
5040940053,Manufacturing,549300LQXPG4HIE21721,31-33
5040940061,Wholesale Trade,894500COD4OSCG19BL53,42
5040940289,Wholesale Trade,549300DIXPCMDRGE4R66,42
5040940890,Wholesale Trade,549300UBPBN63VXSFF61,42
5040945644,Wholesale Trade,5493006RRT690Y5X7E08,42
5040945646,Manufacturing,5493005IZM7S8OC4YO63,31-33
5040945819,Wholesale Trade,549300CQ31WERDLDUH35,42
5040945828,Wholesale Trade,5493008F38A0ZG0OU994,42
5040945880,Wholesale Trade,549300PT51U1ENOGUL90,42
5040946421,Manufacturing,54930099FE1EGTHETQ41,31-33
5041748646,Manufacturing,549300SEC9J3F7AFRU60,31-33
5041748945,Manufacturing,984500A01AE104ED9329,31-33
5041749990,Wholesale Trade,5493006HTGFQROE1KK25,42
5041964090,Manufacturing,5493003ZCFM0C230FN86,31-33
5042212854,Wholesale Trade,98450032AJ4CF4037D04,42
5042222306,Manufacturing,254900RI4XWD0HPZLZ15,31-33
5042238426,Manufacturing,549300KY36I8G3O4MC87,31-33
5042956825,Wholesale Trade,549300DUU7Q13YJ6ED24,42
5043322519,"Professional, Scientific, and Technical Services",984500994A383BF1AF92,54
5043331364,Manufacturing,894500L4MD1DP50J9O39,31-33
5043437233,Wholesale Trade,549300KEJ3U269027C32,42
5043439364,Manufacturing,549300N8GYMQD4E0X228,31-33
5043447447,Manufacturing,9845007EBIFD82EB2B65,31-33
5044013243,Manufacturing,549300YSLPEZPQ563L74,31-33
5044167986,Manufacturing,549300UB3K3R4YUGUN31,31-33
5044175168,Manufacturing,2549005H0TNN3U5GXU27,31-33
5044244506,Wholesale Trade,636700XA7QS34Q7CE928,42
5044315463,Wholesale Trade,6367008AJ9Y1ZG4LCS59,42
5044340216,Manufacturing,549300PA68CBHUMBLL51,31-33
5044588454,Wholesale Trade,15953BM6VPXULOOLDK47,42
5044609859,Wholesale Trade,5493009BTI3B5KKQN775,42
5044617011,Manufacturing,98450006CFCEQN5EE527,31-33
5044630619,Manufacturing,984500B7EQ9G0A54FF33,31-33
5044632323,Wholesale Trade,529900C577UMKT3DAU27,42
5044639932,Manufacturing,549300SULUY1CPCH3D30,31-33
5044647819,Manufacturing,254900949ZLW78URWB07,31-33
5044650685,Manufacturing,549300CIMG5IKQPHSU91,31-33
5044652086,Manufacturing,549300HIGCQ04KMNZZ74,31-33
5044653155,Manufacturing,549300GN8AHM88LVBC53,31-33
5044661188,Manufacturing,9845000DAB0CD6DF3C96,31-33
5044673840,Manufacturing,549300N8I3Z8XP0JFD25,31-33
5044678583,Manufacturing,549300BCMRGGNSC35S74,31-33
5044695034,Real Estate and Rental and Leasing,254900RMYK9YBP59U035,53
5044701557,Manufacturing,549300NV1VFCH6ZG1R81,31-33
5044703042,Manufacturing,254900VGNM73G2D3G607,31-33
5044708038,Manufacturing,5493000XA3Y41LWXY368,31-33
5044715259,Wholesale Trade,5493000UCFB2YRR7LT68,42
5044716788,"Agriculture, Forestry, Fishing and Hunting",636700YSQ5T865W0FL23,11
5044718831,Wholesale Trade,5493003RCQAKVAHSRG54,42
5044718836,Retail Trade,549300H6JX1BLZ7R0L98,44-45
5044720486,Manufacturing,549300BSCANDO4CJJ922,31-33
5044736640,Wholesale Trade,5493004FKYMEA8BBGB48,42
5044747663,Manufacturing,549300WOCO5YCE9C3N30,31-33
5044759678,Manufacturing,5493002VPP35SSQGO646,31-33
5044764241,Retail Trade,5493008M5EGG0KMQVW88,44-45
5044774001,Manufacturing,984500CCFAEHJABAAD75,31-33
5044780176,Manufacturing,54930091J8JBPKOLEJ90,31-33
5044784867,Wholesale Trade,549300VWLCUE7GMGL422,42
5044796882,"Mining, Quarrying, and Oil and Gas Extraction",549300LTTKIUFJDA8N42,21
5044801307,Manufacturing,254900HY10QZJR80FD29,31-33
5044802017,Construction,549300LERPJYGHN4BX02,23
5044808219,Real Estate and Rental and Leasing,984500DBE8C5CAEFE470,53
5044809476,Manufacturing,5493002CSK7EQG29EC16,31-33
5044827793,"Mining, Quarrying, and Oil and Gas Extraction",636700GK9CRS86QFEJ37,21
5044831530,Manufacturing,98450052DCZA0FC9F848,31-33
5045160336,Manufacturing,5493009DZ87TGZV8WM02,31-33
5045167532,Manufacturing,549300X3S2B7809MJJ67,31-33
5045208939,Manufacturing,549300TM4FHHDT7E5Z14,31-33
5045220117,Wholesale Trade,549300NVGTVL378UTA23,42
5045231869,Manufacturing,549300T8M7ZIVKWHJ564,31-33
5045247784,Manufacturing,254900R328AZ47I5WL17,31-33
5045878596,"Professional, Scientific, and Technical Services",549300XXU2XXD5NGR157,54
5046001848,Construction,894500HTLPGD4PK31W31,23
5046006999,Wholesale Trade,894500PY5CVM55WHOU59,42
5046029073,Manufacturing,984500CAE499E5902A57,31-33
5046030886,Manufacturing,549300A4BXF56CJ6BX96,31-33
5046033286,Manufacturing,549300OLFRHIKRBD5O88,31-33
5046037077,Manufacturing,5493007YH4LYLO5DCW40,31-33
5046047476,Manufacturing,5493002KR7D5D081MD24,31-33
5046294263,Manufacturing,984500C3973D5BS4DD33,31-33
5046306793,Wholesale Trade,254900EDIM4IJQAA2703,42
5046502111,Manufacturing,5493005HJLRNLJKK5S73,31-33
5047639996,Wholesale Trade,549300JBVO3GJHJXJT70,42
5047691208,"Agriculture, Forestry, Fishing and Hunting",549300WW471CA55UOV58,11
5047820138,Manufacturing,54930084KRH9BVT0EU93,31-33
5050923442,Manufacturing,549300LUT8R2BYWRNO20,31-33
5051005951,Finance and Insurance,549300I1FUDWOM7C5622,52
5052144461,Manufacturing,54930062VPWEX4P1Z378,31-33
5052519064,Wholesale Trade,549300DJ2WESZF6RQX13,42
5052520515,"Agriculture, Forestry, Fishing and Hunting",549300PNE0WL30WO2194,11
5052520934,Manufacturing,549300MOYOEBJI42KJ16,31-33
5052521358,"Mining, Quarrying, and Oil and Gas Extraction",549300F8FKZ2UH02YN76,21
5052535287,Manufacturing,254900KLR299M3INZF51,31-33
5053126650,Wholesale Trade,5493003062Z15GVV6G51,42
5053438699,Manufacturing,5493003D6U4T7GQP4F81,31-33
5053499721,Manufacturing,549300D8FJKHO49JYH87,31-33
5055436085,Manufacturing,549300XPBJUX2OFUG437,31-33
5055440631,Manufacturing,254900RON8X3HQF52A12,31-33
5055456023,Wholesale Trade,25490018T2DREQ7RE481,42
5057529312,Manufacturing,529900S5RZ5W3KL7KP64,31-33
5057757046,"Professional, Scientific, and Technical Services",254900JMVYJYEP1HTB27,54
5058543549,Wholesale Trade,2549008NV5X6ITKON626,42
5058607845,Manufacturing,549300UXTKXN104IEG22,31-33
5058622136,"Agriculture, Forestry, Fishing and Hunting",549300RYUNNF8CNAKY25,11
5058990316,"Agriculture, Forestry, Fishing and Hunting",5493008QSEVZONPNV507,11
5059003076,"Agriculture, Forestry, Fishing and Hunting",5493003VQFSOK4MJ4160,11
5059075330,Manufacturing,529900LTQPD1UHUWI574,31-33
5059077849,Manufacturing,5493006QHAUF8BCL3Q87,31-33
5059083696,Manufacturing,549300QQB5XQ5VN24J97,31-33
5059984007,Manufacturing,549300R8JU4ETC53DB38,31-33
5060000694,"Mining, Quarrying, and Oil and Gas Extraction",549300WTXOB2UWZDZ915,21
5060031263,Manufacturing,549300MP4WTMTXIHDD29,31-33
5060525022,Wholesale Trade,254900UIGO0EW9ZCZN19,42
5060582849,Manufacturing,549300MZJITUOGWC8H16,31-33
5060596375,Manufacturing,2549001BLB5NU73YXG61,31-33
5062237173,Manufacturing,836800E39FTNF8OY2X35,31-33
5062237222,Manufacturing,6556005GVI0C5W39JS64,31-33
5062237643,Manufacturing,655600VLOAQIGGJNS642,31-33
5062239333,Manufacturing,300300HJ53T0SHANTG48,31-33
5062239889,Manufacturing,300300INCDF9WY52B580,31-33
5062240540,Manufacturing,300300QIAUA1OO68IG93,31-33
5062242136,Manufacturing,655600EYJD2IAT7MID41,31-33
5062243327,Wholesale Trade,655600MIV17GP9MWIJ67,42
5083484009,Finance and Insurance,984500C054D9D5U2AB27,52
5036782611,"Mining, Quarrying, and Oil and Gas Extraction",549300FWV5ZIH36BH979,21
5040951082,"Mining, Quarrying, and Oil and Gas Extraction",549300DSSJ6DQ8QFFS91,21
4295888263,Finance and Insurance,485100BO3BLI986SGJ25,52
4295888270,Finance and Insurance,48510058TGUCNPTBMI14,52
4295888271,Finance and Insurance,48510000J53FIELVLB90,52
4295888294,Finance and Insurance,747800S029KSBZZQE126,52
4295888306,Real Estate and Rental and Leasing,549300BYRMGEH57IQL04,53
4295888339,Finance and Insurance,48510000F0JNKNDI1Z92,52
4295888355,Finance and Insurance,48510000WRCJF8JL7N15,52
4295888357,Finance and Insurance,485100007XEJ1YWCOD26,52
4295888366,Finance and Insurance,4851003F70RFB3TKQC11,52
4296264318,Finance and Insurance,485100J48XWUAN5ARA11,52
4296328295,Finance and Insurance,549300J0GSZ83GTKBZ89,52
4296393538,Finance and Insurance,529900AH2REJFLZH3D75,52
4296595172,Finance and Insurance,549300271OUEJT4RYD30,52
4296607970,Finance and Insurance,485100484ULQ7EH1FL38,52
4296650092,Finance and Insurance,5493001X8GMKQO84H549,52
4296670594,Finance and Insurance,529900DXO2KW4VXW0A69,52
4296721060,Finance and Insurance,549300WQSYH9RIBN9225,52
4296721549,Finance and Insurance,549300BZ3GKOJ13V6F87,52
4296721554,Finance and Insurance,549300OBGOF2IVUD3L23,52
4297326990,Finance and Insurance,48510012SVXRHBT5NG93,52
4297381475,Finance and Insurance,549300OP1AFSZYE8SG12,52
4297820783,Finance and Insurance,485100E6S5HKUDPDRV63,52
4297832965,Finance and Insurance,529900I3PI8FIYICAR94,52
4297859834,Finance and Insurance,48510000EFTLE76QW480,52
4298007877,Finance and Insurance,74780000M03HFUUXFU21,52
4298130548,Finance and Insurance,747800Y071GPWRW7TA22,52
5000004451,Finance and Insurance,48510000NKZ3E6LSZM73,52
5000005043,Finance and Insurance,485100TATT36RLEXSH34,52
5000007163,Finance and Insurance,549300XGYWQT0XWO4R05,52
5000033955,Finance and Insurance,5493008PLV3K7YYQ6V14,52
5000034443,Finance and Insurance,549300O2UN9JLME31F08,52
5000060195,Finance and Insurance,549300JAQTQST6DD3Q95,52
5000070132,Finance and Insurance,485100OSIKTM39EQ6T57,52
5000566049,Finance and Insurance,48510000APGBJXIYH791,52
5000641512,Finance and Insurance,485100004VOFFO18DD84,52
5000645176,Finance and Insurance,549300MMK4HX7KEEVI63,52
5000661160,Finance and Insurance,315700H80EFDLEQ0VD16,52
5000678953,Finance and Insurance,529900VC4WC3QO8WTL13,52
5000688202,Finance and Insurance,74780000B0LHDRB36C37,52
5000740823,Finance and Insurance,48510000703CC7VS8S77,52
5000853815,Finance and Insurance,48510000WM4Q7VQQKB51,52
5001002585,Finance and Insurance,48510000JYXA7227FO19,52
5001199314,Finance and Insurance,213800K2LJ7JKL6CU689,52
5001199868,Management of Companies and Enterprises,485100MFFDTN0QYPYI29,55
5001231949,Finance and Insurance,48510000IA9IKGSTNG14,52
5001350088,Finance and Insurance,549300M2K78I7BQZUD32,52
5001365136,Finance and Insurance,4851000020C6NKQDP691,52
5001365139,Finance and Insurance,549300KR247LVB6YO428,52
5001396075,Transportation and Warehousing,213800I8RPBEOP3GUM65,48-49
5001405178,Finance and Insurance,4851000094PJJQ1E0T23,52
5001420003,Finance and Insurance,485100000H18G4S3LT79,52
5001446365,Finance and Insurance,48510000RFY3D1UXAF03,52
5001446770,Finance and Insurance,549300WLK330OXO4QV57,52
5001450655,Finance and Insurance,3157000ZT6JG5254SN26,52
5029074395,Management of Companies and Enterprises,485100JF531C2B3XCO39,55
5034814279,Finance and Insurance,48510000OGX4W2DFYV52,52
5034815114,Finance and Insurance,529900NLK1LRL7XHBE74,52
5034829033,Management of Companies and Enterprises,485100WV1JNX9JUB9B36,55
5035166581,Finance and Insurance,485100ALITIIJT1G1T69,52
5035303992,Manufacturing,485100OGKABWIIALNP15,31-33
5035306440,Finance and Insurance,485100SFJBENDB892E64,52
5035306538,Finance and Insurance,747800T0L8VJU2T4CZ26,52
5035307220,Finance and Insurance,485100000Z4BS9C24Q46,52
5035307230,Finance and Insurance,485100L5GARJYG5L0S05,52
5035308822,Management of Companies and Enterprises,48510000067IK9Z26964,55
5035312851,Finance and Insurance,315700Y1NAB69VQ67840,52
5035312865,Finance and Insurance,529900LICVZIYNE4FE47,52
5035392456,Finance and Insurance,48510000PUF0PHJMWE31,52
5035396462,Finance and Insurance,4851000093T4FS8UN642,52
5035455794,Finance and Insurance,315700BBRQHDWX6SHZ00,52
5035886518,Finance and Insurance,315700RO18UEKF9GP419,52
5035929879,Finance and Insurance,213800XQVC7ZTHV56Y85,52
5036187932,Finance and Insurance,549300SS3C8W3K6NTF72,52
5036227711,Finance and Insurance,485100QEYU6WX54F1N51,52
5036775822,Finance and Insurance,485100008LBCPGNX2W91,52
5037120048,Management of Companies and Enterprises,485100F291HSNIP3YI10,55
5037613220,Construction,4851000002N67I7AC384,23
5037909410,Finance and Insurance,529900VX9P8B0EIQLQ52,52
5038034726,Finance and Insurance,48510000Q6I8OZ0LJ265,52
5039632475,Management of Companies and Enterprises,48510000JMCVRZ7E8361,55
5060879035,"Professional, Scientific, and Technical Services",529900GO1IEUJPLKSO71,54
5060879270,"Professional, Scientific, and Technical Services",391200D57FCH8ATPZ157,54
5060879530,"Professional, Scientific, and Technical Services",3912005CFEYRRT2LGZ86,54
5060879938,"Professional, Scientific, and Technical Services",391200DYXLI78TBW7G68,54
5060881126,"Professional, Scientific, and Technical Services",529900IQN6NWM8K3ON07,54
5060881699,"Professional, Scientific, and Technical Services",391200020LUMAPZ4MF87,54
5060881843,"Professional, Scientific, and Technical Services",529900Q8DMXJLW7KD724,54
5060881995,"Professional, Scientific, and Technical Services",984500D06DEI84A56043,54
5060882488,"Professional, Scientific, and Technical Services",3912001DG7TGHTKYXC83,54
5060882675,"Professional, Scientific, and Technical Services",529900XGCVZB7LZEP629,54
5060883191,Administrative and Support and Waste Management and Remediation Services,529900SX8RD8R4H2BQ93,56
5060883617,Administrative and Support and Waste Management and Remediation Services,875500FO3RA15FPE5M36,56
5060883650,"Professional, Scientific, and Technical Services",529900KZH2GP9V7Y2F98,54
5060883664,Administrative and Support and Waste Management and Remediation Services,391200TK56FBGGSAW843,56
